Workbook

Sheet consolidated_efforts
A1: ID | B1: Work Item Type | C1: Title | D1: Assigned To | E1: State | F1: Tags | G1: Planned as Incentive | H1: Completed Work | I1: Closed Date | J1: Iteration Path
A2: 50584 | B2: Task | C2: BE-Implementation-User Story: US-FAM-FSPR-002-003 Register Assistant Data - 1.2.3.2 كمستخدم مسجل أريد تسجيل بيانات مساعد المحقق معه | D2: Ahmed Mahmoud <INTERCOM\ahmed.mahmoud> | E2: Closed | G2: 0 | H2: 8 | I2: 5/3/2026 10:38:37 AM | J2: Enterprise-PPO-FamilyRevamp-4452\Iteration 4 - أعمال النيابات
A3: 50585 | B3: Task | C3: BE-Implementation-User Story: US-FAM-FSPR-002-008 Edit Investigated Party Data - بيانات المحقق معه | D3: Ahmed Mahmoud <INTERCOM\ahmed.mahmoud> | E3: Closed | G3: 0 | H3: 4 | I3: 5/3/2026 10:39:01 AM | J3: Enterprise-PPO-FamilyRevamp-4452\Iteration 4 - أعمال النيابات
A4: 50586 | B4: Task | C4: BE-Implementation-User Story: US-FAM-FSPR-002-009 View Investigated Party Data - بيانات المحقق معه | D4: Ahmed Mahmoud <INTERCOM\ahmed.mahmoud> | E4: Closed | G4: 0 | H4: 4 | I4: 5/3/2026 10:39:11 AM | J4: Enterprise-PPO-FamilyRevamp-4452\Iteration 4 - أعمال النيابات
A5: 50587 | B5: Task | C5: BE-Implementation-User Story: US-FAM-FSPR-002-010 Edit Assistant Data - بيانات مساعد المحقق معه | D5: Ahmed Mahmoud <INTERCOM\ahmed.mahmoud> | E5: Closed | G5: 0 | H5: 4 | I5: 5/3/2026 10:39:21 AM | J5: Enterprise-PPO-FamilyRevamp-4452\Iteration 4 - أعمال النيابات
A6: 50588 | B6: Task | C6: BE-Impementation-User Story: US-FAM-FSPR-002-011 View Assistant Data - بيانات مساعد المحقق معه | D6: Ahmed Mahmoud <INTERCOM\ahmed.mahmoud> | E6: Closed | G6: 0 | H6: 4 | I6: 5/3/2026 10:39:54 AM | J6: Enterprise-PPO-FamilyRevamp-4452\Iteration 4 - أعمال النيابات
A7: 50927 | B7: Task | C7: BE Impelementation-User Story: US-FAM-FSPR-002-004 Register Lawyers Data Screen - 1.1.1.1.1 شاشة تسجيل بيانات المحامين | D7: Ahmed Mahmoud <INTERCOM\ahmed.mahmoud> | E7: Closed | G7: 0 | H7: 8 | I7: 5/3/2026 10:38:48 AM | J7: Enterprise-PPO-FamilyRevamp-4452\Iteration 4 - أعمال النيابات
A8: 50928 | B8: Task | C8: BE Implementation-User Story: US-FAM-FSPR-002-012 Edit Lawyers Data - بيانات المحامي | D8: Ahmed Mahmoud <INTERCOM\ahmed.mahmoud> | E8: Closed | G8: 0 | H8: 4 | I8: 5/3/2026 10:39:31 AM | J8: Enterprise-PPO-FamilyRevamp-4452\Iteration 4 - أعمال النيابات
A9: 50929 | B9: Task | C9: BE Implementation-User Story: US-FAM-FSPR-002-013 View Lawyers Data - بيانات المحامي | D9: Ahmed Mahmoud <INTERCOM\ahmed.mahmoud> | E9: Closed | G9: 0 | H9: 4 | I9: 5/3/2026 10:39:40 AM | J9: Enterprise-PPO-FamilyRevamp-4452\Iteration 4 - أعمال النيابات
A10: 50932 | B10: Task | C10: Test Execution (US 43412) | D10: Ismail Hamada <INTERCOM\Ismail.Hamada> | E10: Closed | G10: 0 | H10: 8 | I10: 4/26/2026 10:53:20 AM | J10: Enterprise-PPO-FamilyRevamp-4452\المطالبات - Iteration 2 (Phase 2)
A11: 50934 | B11: Task | C11: Test Execution (US 43413) | D11: Ismail Hamada <INTERCOM\Ismail.Hamada> | E11: Closed | G11: 0 | H11: 6 | I11: 4/26/2026 10:53:40 AM | J11: Enterprise-PPO-FamilyRevamp-4452\المطالبات - Iteration 2 (Phase 2)
A12: 50936 | B12: Task | C12: User Story: US-FAM-FSPR-008-014 Register Notification Screen - 1.7.8.5.1 شاشة تسجيل اعلان-front end | D12: Asmaa Khaled <INTERCOM\Asmaa.Khaled> | E12: Closed | G12: 0 | H12: 12 | I12: 4/30/2026 1:52:37 PM | J12: Enterprise-PPO-FamilyRevamp-4452\Iteration 4 - أعمال النيابات
A13: 50937 | B13: Task | C13: BE implementation-User Story: US-FAM-FSPR-002-018 View Investigation Minutes - 1.2.1.1.1.1 شاشة محضر التحقيق | D13: Ahmed Mahmoud <INTERCOM\ahmed.mahmoud> | E13: Closed | G13: 0 | H13: 4 | I13: 5/3/2026 10:41:08 AM | J13: Enterprise-PPO-FamilyRevamp-4452\Iteration 4 - أعمال النيابات
... A972: 58532 | B972: Task | C972: BE - [تقرير تتبع إصدار المستخرج] Raw ISO 8601 timestamp is displayed in UI instead of user-friendly date format | D972: Khaled Mohamed <INTERCOM\Khaled.Mohamed> | E972: Closed | G972: 1 | H972: 1 | I972: 5/24/2026 11:57:20 PM | J972: Enterprise-PPO-FamilyRevamp-4452\الاستخراجات _ Iteration 5

Sheet Employees Effort
A1: Employee Name | B1: Employee Code | C1: Employment Contract | D1: Basic Effort | E1: Incentive Effort | F1: Total Effort | G1: Squad Lead | H1: Squad Name | I1: Project Code
A2: {=IFERROR(INDEX(_xlfn.ANCHORARRAY(Lookup!$G$2),ROW()-1),"")} -> Ahmed Mahmoud | B2: =VLOOKUP(A2,Lookup!$A:$B,2,0) -> 2041 | C2: =VLOOKUP(A2,Lookup!$A:$C,3,0) -> Full-time | D2: {=SUMPRODUCT((ISNUMBER(SEARCH(A2,consolidated_efforts!$D$2:$D$972)))*(consolidated_efforts!$G$2:$G$972=0)*consolidated_efforts!$H$2:$H$972)} -> 186 | E2: {=SUMPRODUCT((ISNUMBER(SEARCH(A2,consolidated_efforts!$D$2:$D$972)))*(consolidated_efforts!$G$2:$G$972=1)*consolidated_efforts!$H$2:$H$972)} -> 0 | F2: =D2+E2 -> 186 | G2: =VLOOKUP(A2,Lookup!$A:$D,4,0) -> Remon Ibrahim | H2: =VLOOKUP(A2,Lookup!$A:$E,5,0) -> Hero | I2: PRJ-001
A3: {=IFERROR(INDEX(_xlfn.ANCHORARRAY(Lookup!$G$2),ROW()-1),"")} -> Ismail Hamada | B3: =VLOOKUP(A3,Lookup!$A:$B,2,0) -> #N/A | C3: =VLOOKUP(A3,Lookup!$A:$C,3,0) -> #N/A | D3: {=SUMPRODUCT((ISNUMBER(SEARCH(A3,consolidated_efforts!$D$2:$D$972)))*(consolidated_efforts!$G$2:$G$972=0)*consolidated_efforts!$H$2:$H$972)} -> 17 | E3: {=SUMPRODUCT((ISNUMBER(SEARCH(A3,consolidated_efforts!$D$2:$D$972)))*(consolidated_efforts!$G$2:$G$972=1)*consolidated_efforts!$H$2:$H$972)} -> 0 | F3: =D3+E3 -> 17 | G3: =VLOOKUP(A3,Lookup!$A:$D,4,0) -> #N/A | H3: =VLOOKUP(A3,Lookup!$A:$E,5,0) -> #N/A | I3: PRJ-002
A4: {=IFERROR(INDEX(_xlfn.ANCHORARRAY(Lookup!$G$2),ROW()-1),"")} -> Asmaa Khaled | B4: =VLOOKUP(A4,Lookup!$A:$B,2,0) -> 2376 | C4: =VLOOKUP(A4,Lookup!$A:$C,3,0) -> Full-time | D4: {=SUMPRODUCT((ISNUMBER(SEARCH(A4,consolidated_efforts!$D$2:$D$972)))*(consolidated_efforts!$G$2:$G$972=0)*consolidated_efforts!$H$2:$H$972)} -> 147 | E4: {=SUMPRODUCT((ISNUMBER(SEARCH(A4,consolidated_efforts!$D$2:$D$972)))*(consolidated_efforts!$G$2:$G$972=1)*consolidated_efforts!$H$2:$H$972)} -> 5 | F4: =D4+E4 -> 152 | G4: =VLOOKUP(A4,Lookup!$A:$D,4,0) -> Remon Ibrahim | H4: =VLOOKUP(A4,Lookup!$A:$E,5,0) -> Hero | I4: PRJ-001
A5: {=IFERROR(INDEX(_xlfn.ANCHORARRAY(Lookup!$G$2),ROW()-1),"")} -> Rwan Osama | B5: =VLOOKUP(A5,Lookup!$A:$B,2,0) -> 0 | C5: =VLOOKUP(A5,Lookup!$A:$C,3,0) -> Freelancer | D5: {=SUMPRODUCT((ISNUMBER(SEARCH(A5,consolidated_efforts!$D$2:$D$972)))*(consolidated_efforts!$G$2:$G$972=0)*consolidated_efforts!$H$2:$H$972)} -> 76 | E5: {=SUMPRODUCT((ISNUMBER(SEARCH(A5,consolidated_efforts!$D$2:$D$972)))*(consolidated_efforts!$G$2:$G$972=1)*consolidated_efforts!$H$2:$H$972)} -> 0 | F5: =D5+E5 -> 76 | G5: =VLOOKUP(A5,Lookup!$A:$D,4,0) -> Mostafa Helal | H5: =VLOOKUP(A5,Lookup!$A:$E,5,0) -> Ninga | I5: PRJ-003
A6: {=IFERROR(INDEX(_xlfn.ANCHORARRAY(Lookup!$G$2),ROW()-1),"")} -> Khaled Mohamed | B6: =VLOOKUP(A6,Lookup!$A:$B,2,0) -> 2237 | C6: =VLOOKUP(A6,Lookup!$A:$C,3,0) -> Full-time | D6: {=SUMPRODUCT((ISNUMBER(SEARCH(A6,consolidated_efforts!$D$2:$D$972)))*(consolidated_efforts!$G$2:$G$972=0)*consolidated_efforts!$H$2:$H$972)} -> 166 | E6: {=SUMPRODUCT((ISNUMBER(SEARCH(A6,consolidated_efforts!$D$2:$D$972)))*(consolidated_efforts!$G$2:$G$972=1)*consolidated_efforts!$H$2:$H$972)} -> 79 | F6: =D6+E6 -> 245 | G6: =VLOOKUP(A6,Lookup!$A:$D,4,0) -> Mostafa Helal | H6: =VLOOKUP(A6,Lookup!$A:$E,5,0) -> Ninga | I6: PRJ-002
A7: {=IFERROR(INDEX(_xlfn.ANCHORARRAY(Lookup!$G$2),ROW()-1),"")} -> Mohamed Abdelkereem | B7: =VLOOKUP(A7,Lookup!$A:$B,2,0) -> 2292 | C7: =VLOOKUP(A7,Lookup!$A:$C,3,0) -> Full-time | D7: {=SUMPRODUCT((ISNUMBER(SEARCH(A7,consolidated_efforts!$D$2:$D$972)))*(consolidated_efforts!$G$2:$G$972=0)*consolidated_efforts!$H$2:$H$972)} -> 160 | E7: {=SUMPRODUCT((ISNUMBER(SEARCH(A7,consolidated_efforts!$D$2:$D$972)))*(consolidated_efforts!$G$2:$G$972=1)*consolidated_efforts!$H$2:$H$972)} -> 41 | F7: =D7+E7 -> 201 | G7: =VLOOKUP(A7,Lookup!$A:$D,4,0) -> Mostafa Helal | H7: =VLOOKUP(A7,Lookup!$A:$E,5,0) -> Ninga | I7: PRJ-004
A8: {=IFERROR(INDEX(_xlfn.ANCHORARRAY(Lookup!$G$2),ROW()-1),"")} -> Ahmed Mostafa | B8: =VLOOKUP(A8,Lookup!$A:$B,2,0) -> 2426 | C8: =VLOOKUP(A8,Lookup!$A:$C,3,0) -> Full-time | D8: {=SUMPRODUCT((ISNUMBER(SEARCH(A8,consolidated_efforts!$D$2:$D$972)))*(consolidated_efforts!$G$2:$G$972=0)*consolidated_efforts!$H$2:$H$972)} -> 203.5 | E8: {=SUMPRODUCT((ISNUMBER(SEARCH(A8,consolidated_efforts!$D$2:$D$972)))*(consolidated_efforts!$G$2:$G$972=1)*consolidated_efforts!$H$2:$H$972)} -> 42.5 | F8: =D8+E8 -> 246 | G8: =VLOOKUP(A8,Lookup!$A:$D,4,0) -> Mostafa Helal | H8: =VLOOKUP(A8,Lookup!$A:$E,5,0) -> Ninga | I8: PRJ-001
A9: {=IFERROR(INDEX(_xlfn.ANCHORARRAY(Lookup!$G$2),ROW()-1),"")} -> Taher Ayman | B9: =VLOOKUP(A9,Lookup!$A:$B,2,0) -> 2363 | C9: =VLOOKUP(A9,Lookup!$A:$C,3,0) -> Full-time | D9: {=SUMPRODUCT((ISNUMBER(SEARCH(A9,consolidated_efforts!$D$2:$D$972)))*(consolidated_efforts!$G$2:$G$972=0)*consolidated_efforts!$H$2:$H$972)} -> 156 | E9: {=SUMPRODUCT((ISNUMBER(SEARCH(A9,consolidated_efforts!$D$2:$D$972)))*(consolidated_efforts!$G$2:$G$972=1)*consolidated_efforts!$H$2:$H$972)} -> 51 | F9: =D9+E9 -> 207 | G9: =VLOOKUP(A9,Lookup!$A:$D,4,0) -> Remon Ibrahim | H9: =VLOOKUP(A9,Lookup!$A:$E,5,0) -> Hero | I9: PRJ-005
A10: {=IFERROR(INDEX(_xlfn.ANCHORARRAY(Lookup!$G$2),ROW()-1),"")} -> Yossef Magdy | B10: =VLOOKUP(A10,Lookup!$A:$B,2,0) -> 2198 | C10: =VLOOKUP(A10,Lookup!$A:$C,3,0) -> Full-time | D10: {=SUMPRODUCT((ISNUMBER(SEARCH(A10,consolidated_efforts!$D$2:$D$972)))*(consolidated_efforts!$G$2:$G$972=0)*consolidated_efforts!$H$2:$H$972)} -> 140 | E10: {=SUMPRODUCT((ISNUMBER(SEARCH(A10,consolidated_efforts!$D$2:$D$972)))*(consolidated_efforts!$G$2:$G$972=1)*consolidated_efforts!$H$2:$H$972)} -> 17 | F10: =D10+E10 -> 157 | G10: =VLOOKUP(A10,Lookup!$A:$D,4,0) -> Yehia Ibrahim | H10: =VLOOKUP(A10,Lookup!$A:$E,5,0) -> Fighters | I10: PRJ-003
A11: {=IFERROR(INDEX(_xlfn.ANCHORARRAY(Lookup!$G$2),ROW()-1),"")} -> Bassem Hessian | B11: =VLOOKUP(A11,Lookup!$A:$B,2,0) -> 0 | C11: =VLOOKUP(A11,Lookup!$A:$C,3,0) -> Freelancer | D11: {=SUMPRODUCT((ISNUMBER(SEARCH(A11,consolidated_efforts!$D$2:$D$972)))*(consolidated_efforts!$G$2:$G$972=0)*consolidated_efforts!$H$2:$H$972)} -> 241.85 | E11: {=SUMPRODUCT((ISNUMBER(SEARCH(A11,consolidated_efforts!$D$2:$D$972)))*(consolidated_efforts!$G$2:$G$972=1)*consolidated_efforts!$H$2:$H$972)} -> 0 | F11: =D11+E11 -> 241.85 | G11: =VLOOKUP(A11,Lookup!$A:$D,4,0) -> Remon Ibrahim | H11: =VLOOKUP(A11,Lookup!$A:$E,5,0) -> Hero | I11: PRJ-002
A12: {=IFERROR(INDEX(_xlfn.ANCHORARRAY(Lookup!$G$2),ROW()-1),"")} -> Salma Wael | B12: =VLOOKUP(A12,Lookup!$A:$B,2,0) -> 0 | C12: =VLOOKUP(A12,Lookup!$A:$C,3,0) -> Intern | D12: {=SUMPRODUCT((ISNUMBER(SEARCH(A12,consolidated_efforts!$D$2:$D$972)))*(consolidated_efforts!$G$2:$G$972=0)*consolidated_efforts!$H$2:$H$972)} -> 61 | E12: {=SUMPRODUCT((ISNUMBER(SEARCH(A12,consolidated_efforts!$D$2:$D$972)))*(consolidated_efforts!$G$2:$G$972=1)*consolidated_efforts!$H$2:$H$972)} -> 0 | F12: =D12+E12 -> 61 | G12: =VLOOKUP(A12,Lookup!$A:$D,4,0) -> Remon Ibrahim | H12: =VLOOKUP(A12,Lookup!$A:$E,5,0) -> Hero | I12: PRJ-001
A13: {=IFERROR(INDEX(_xlfn.ANCHORARRAY(Lookup!$G$2),ROW()-1),"")} -> Mohamed Sherif | B13: =VLOOKUP(A13,Lookup!$A:$B,2,0) -> 0 | C13: =VLOOKUP(A13,Lookup!$A:$C,3,0) -> Intern | D13: {=SUMPRODUCT((ISNUMBER(SEARCH(A13,consolidated_efforts!$D$2:$D$972)))*(consolidated_efforts!$G$2:$G$972=0)*consolidated_efforts!$H$2:$H$972)} -> 61 | E13: {=SUMPRODUCT((ISNUMBER(SEARCH(A13,consolidated_efforts!$D$2:$D$972)))*(consolidated_efforts!$G$2:$G$972=1)*consolidated_efforts!$H$2:$H$972)} -> 0 | F13: =D13+E13 -> 61 | G13: =VLOOKUP(A13,Lookup!$A:$D,4,0) -> Remon Ibrahim | H13: =VLOOKUP(A13,Lookup!$A:$E,5,0) -> Hero | I13: PRJ-004
... A19: {=IFERROR(INDEX(_xlfn.ANCHORARRAY(Lookup!$G$2),ROW()-1),"")} -> Mostafa Shokry | B19: =VLOOKUP(A19,Lookup!$A:$B,2,0) -> #N/A | C19: =VLOOKUP(A19,Lookup!$A:$C,3,0) -> #N/A | D19: {=SUMPRODUCT((ISNUMBER(SEARCH(A19,consolidated_efforts!$D$2:$D$972)))*(consolidated_efforts!$G$2:$G$972=0)*consolidated_efforts!$H$2:$H$972)} -> 174 | E19: {=SUMPRODUCT((ISNUMBER(SEARCH(A19,consolidated_efforts!$D$2:$D$972)))*(consolidated_efforts!$G$2:$G$972=1)*consolidated_efforts!$H$2:$H$972)} -> 0 | F19: =D19+E19 -> 174 | G19: =VLOOKUP(A19,Lookup!$A:$D,4,0) -> #N/A | H19: =VLOOKUP(A19,Lookup!$A:$E,5,0) -> #N/A | I19: PRJ-001
D21: =SUM(D2:D19) -> 2338.35 | E21: =SUM(E2:E19) -> 348.5 | F21: =SUM(F2:F19) -> 2686.85

Sheet Lookup
A1: Employee Name | B1: Employee Code | C1: Employment Contract | D1: Squad Lead | E1: Squad Name | G1: UniqueNames
A2: Emad Mahfouz | B2: 1884 | C2: Full-time | D2: Yehia Ibrahim | E2: Fighters | G2: {=IFERROR(_xlfn.UNIQUE(_xlfn._xlws.FILTER(IFERROR(LEFT(consolidated_efforts!$D$2:$D$2000,FIND(" <",consolidated_efforts!$D$2:$D$2000)-1),consolidated_efforts!$D$2:$D$2000),consolidated_efforts!$D$2:$D$2000<>"")),"")} -> Ahmed Mahmoud
A3: Yossef Magdy | B3: 2198 | C3: Full-time | D3: Yehia Ibrahim | E3: Fighters | G3: Ismail Hamada
A4: Ahmed Mahmoud | B4: 2041 | C4: Full-time | D4: Remon Ibrahim | E4: Hero | G4: Asmaa Khaled
A5: Ahmed Sultan | B5: 0 | C5: Freelancer | D5: Remon Ibrahim | E5: Hero | G5: Rwan Osama
A6: Asmaa Khaled | B6: 2376 | C6: Full-time | D6: Remon Ibrahim | E6: Hero | G6: Khaled Mohamed
A7: Bassem Hessian | B7: 0 | C7: Freelancer | D7: Remon Ibrahim | E7: Hero | G7: Mohamed Abdelkereem
A8: Fayza Abdelsalam | B8: 2311 | C8: Full-time | D8: Remon Ibrahim | E8: Hero | G8: Ahmed Mostafa
A9: Mohamed Sherif | B9: 0 | C9: Intern | D9: Remon Ibrahim | E9: Hero | G9: Taher Ayman
A10: Remon Ibrahim | B10: 2312 | C10: Full-time | D10: Remon Ibrahim | E10: Hero | G10: Yossef Magdy
A11: Salma Wael | B11: 0 | C11: Intern | D11: Remon Ibrahim | E11: Hero | G11: Bassem Hessian
A12: Taher Ayman | B12: 2363 | C12: Full-time | D12: Remon Ibrahim | E12: Hero | G12: Salma Wael
A13: Ahmed Mostafa | B13: 2426 | C13: Full-time | D13: Mostafa Helal | E13: Ninga | G13: Mohamed Sherif
A14: Khaled Mohamed | B14: 2237 | C14: Full-time | D14: Mostafa Helal | E14: Ninga | G14: Ahmed Sultan
... A17: Rwan Osama | B17: 0 | C17: Freelancer | D17: Mostafa Helal | E17: Ninga | G17: Emad Mahfouz
G18: Remon Ibrahim
G19: Mostafa Shokry

Sheet Project Code
A1: Project Code | B1: Project Name
A2: PRJ-001 | B2: Family Revamp
A3: PRJ-002 | B3: Claims Portal
A4: PRJ-003 | B4: Court Management
A5: PRJ-004 | B5: Legal Archive
A6: PRJ-005 | B6: HR Integration

Sheet Setup Prompt
A1: EMPLOYEE EFFORT TRACKER — FULL SETUP INSTRUCTIONS
A2: Apply these instructions to a new project to replicate the full tracker.
A4: 1. REQUIRED SHEETS
A5: Create 4 tabs in this order:
A6: (1) consolidated_efforts — source data exported from Azure DevOps or similar
A7: (2) Employees Effort — main tracker (built per instructions below)
A8: (3) Lookup — reference data for dropdowns and VLOOKUPs
A9: (4) Project Code — project reference table
A11: 2. LOOKUP TAB (Sheet name: Lookup)
A12: Headers in row 1, data from row 2 onwards. Columns A–E:
A13: A: Employee Name | B: Employee Code | C: Employment Contract | D: Squad Lead | E: Squad Name
A15: DROPDOWN VALIDATIONS (apply to data rows 2:N):
... A121: — END OF SETUP INSTRUCTIONS —
